<?xml version="1.0" encoding="UTF-8"?>
<project-private xmlns="http://www.netbeans.org/ns/project-private/1">
    <editor-bookmarks xmlns="http://www.netbeans.org/ns/editor-bookmarks/2" lastBookmarkId="0"/>
    <open-files xmlns="http://www.netbeans.org/ns/projectui-open-files/2">
        <group>
            <file>file:/C:/Users/Faheem%20Akther%20Mohamd/Downloads/TaskManager%20(2)/TaskManager/src/viewScreen/Connenction.java</file>
            <file>file:/C:/Users/Faheem%20Akther%20Mohamd/Downloads/TaskManager%20(2)/TaskManager/src/viewScreen/Login.java</file>
            <file>file:/C:/Users/Faheem%20Akther%20Mohamd/Downloads/TaskManager%20(2)/TaskManager/src/viewScreen/ViewMain.java</file>
        </group>
    </open-files>
</project-private>
